asset_id,asset_name,asset_class,sector,ticker,notional_usd,current_value_usd,pd,lgd,ead,duration,convexity,delta,credit_rating
AST-101,NVDA Loan Facility #1,Loan,Technology,NVDA,21854305.35,22839310.16,0.0306,0.45,22839310.16,0.0,0.0,1.0,AAA
AST-102,AAPL Bond Facility #2,Bond,Technology,AAPL,12020838.82,11607315.38,0.007,0.52,11607315.38,5.51,46.86,1.0,AA
AST-103,MSFT Derivative Facility #3,Derivative,Technology,MSFT,5926302.24,6204785.02,0.0341,0.35,6204785.02,0.0,0.0,0.55,A
AST-104,GOOGL Equity Facility #4,Equity,Technology,GOOGL,13253202.94,12993761.21,0.0234,0.41,12993761.21,0.0,0.0,1.0,BBB
AST-105,JPM Loan Facility #5,Loan,Financials,JPM,18105311.31,18307824.46,0.0099,0.37,18307824.46,0.0,0.0,1.0,BB
AST-106,BAC Bond Facility #6,Bond,Financials,BAC,21486282.95,21391893.68,0.0325,0.35,21391893.68,5.07,41.66,1.0,AAA
AST-107,GS Derivative Facility #7,Derivative,Financials,GS,7090268.57,7166520.76,0.011,0.32,7166520.76,0.0,0.0,1.16,AA
AST-108,MS Equity Facility #8,Equity,Financials,MS,48453441.49,49947732.78,0.0157,0.32,49947732.78,0.0,0.0,1.0,A
AST-109,WFC Loan Facility #9,Loan,Financials,WFC,35790486.19,35576289.06,0.0093,0.42,35576289.06,0.0,0.0,1.0,BBB
AST-110,C Bond Facility #10,Bond,Financials,C,6547483.45,6815485.31,0.0141,0.47,6815485.31,4.06,38.4,1.0,BB
AST-111,XOM Derivative Facility #11,Derivative,Energy,XOM,29601962.57,28669069.91,0.0389,0.49,28669069.91,0.0,0.0,1.15,AAA
AST-112,CVX Equity Facility #12,Equity,Energy,CVX,45267230.77,45710396.86,0.0373,0.32,45710396.86,0.0,0.0,1.0,AA
AST-113,PFE Loan Facility #13,Loan,Healthcare,PFE,13819228.81,13190767.99,0.0164,0.4,13190767.99,0.0,0.0,1.0,A
AST-114,JNJ Bond Facility #14,Bond,Healthcare,JNJ,17210706.43,17776486.91,0.0175,0.37,17776486.91,5.21,21.34,1.0,BBB
AST-115,TSLA Derivative Facility #15,Derivative,Consumer Discretionary,TSLA,41098864.13,39350315.6,0.0395,0.49,39350315.6,0.0,0.0,0.56,BB
AST-116,AMZN Equity Facility #16,Equity,Consumer Discretionary,AMZN,5248495.27,5414065.05,0.0297,0.48,5414065.05,0.0,0.0,1.0,AAA
AST-117,META Loan Facility #17,Loan,Technology,META,39707165.6,38015817.64,0.0175,0.33,38015817.64,0.0,0.0,1.0,AA
AST-118,DIS Bond Facility #18,Bond,Consumer Discretionary,DIS,43839654.16,44380188.88,0.0166,0.32,44380188.88,4.05,29.63,1.0,A
AST-119,PG Derivative Facility #19,Derivative,Consumer Staples,PG,37832278.03,38352689.28,0.0361,0.42,38352689.28,0.0,0.0,0.5,BBB
AST-120,UNH Equity Facility #20,Equity,Healthcare,UNH,37096015.43,38063424.05,0.0246,0.49,38063424.05,0.0,0.0,1.0,BB
AST-121,NVDA Loan Facility #21,Loan,Technology,NVDA,27220801.84,27282682.42,0.02,0.31,27282682.42,0.0,0.0,1.0,AAA
AST-122,AAPL Bond Facility #22,Bond,Technology,AAPL,9855114.21,9393332.32,0.0273,0.38,9393332.32,5.04,55.84,1.0,AA
AST-123,MSFT Derivative Facility #23,Derivative,Technology,MSFT,16218150.31,16072807.99,0.0314,0.36,16072807.99,0.0,0.0,0.46,A
AST-124,GOOGL Equity Facility #24,Equity,Technology,GOOGL,18038815.38,17427698.71,0.0375,0.5,17427698.71,0.0,0.0,1.0,BBB
AST-125,JPM Loan Facility #25,Loan,Financials,JPM,33503169.04,34747679.73,0.0331,0.35,34747679.73,0.0,0.0,1.0,BB
AST-126,BAC Bond Facility #26,Bond,Financials,BAC,45165154.93,45342844.78,0.0333,0.52,45342844.78,4.09,19.95,1.0,AAA
AST-127,GS Derivative Facility #27,Derivative,Financials,GS,15257082.31,15145870.06,0.0336,0.52,15145870.06,0.0,0.0,0.41,AA
AST-128,MS Equity Facility #28,Equity,Financials,MS,27983628.62,27752514.64,0.0128,0.33,27752514.64,0.0,0.0,1.0,A
AST-129,WFC Loan Facility #29,Loan,Financials,WFC,20192682.71,21087036.22,0.0163,0.43,21087036.22,0.0,0.0,1.0,BBB
AST-130,C Bond Facility #30,Bond,Financials,C,36635853.15,36136248.56,0.039,0.54,36136248.56,3.76,37.38,1.0,BB
AST-131,XOM Derivative Facility #31,Derivative,Energy,XOM,18539523.94,18140628.46,0.0063,0.45,18140628.46,0.0,0.0,0.8,AAA
AST-132,CVX Equity Facility #32,Equity,Energy,CVX,7316543.81,7154589.53,0.0368,0.36,7154589.53,0.0,0.0,1.0,AA
AST-133,PFE Loan Facility #33,Loan,Healthcare,PFE,11520269.24,11508118.54,0.0395,0.36,11508118.54,0.0,0.0,1.0,A
AST-134,JNJ Bond Facility #34,Bond,Healthcare,JNJ,35246099.63,36168206.73,0.0133,0.48,36168206.73,4.34,43.45,1.0,BBB
AST-135,TSLA Derivative Facility #35,Derivative,Consumer Discretionary,TSLA,33508836.98,33628713.79,0.0082,0.51,33628713.79,0.0,0.0,0.66,BB
AST-136,AMZN Equity Facility #36,Equity,Consumer Discretionary,AMZN,13393332.97,12778277.83,0.0257,0.47,12778277.83,0.0,0.0,1.0,AAA
AST-137,META Loan Facility #37,Loan,Technology,META,5746452.3,5753401.52,0.0129,0.46,5753401.52,0.0,0.0,1.0,AA
AST-138,DIS Bond Facility #38,Bond,Consumer Discretionary,DIS,12846489.31,13091777.27,0.0185,0.53,13091777.27,3.19,30.35,1.0,A
AST-139,PG Derivative Facility #39,Derivative,Consumer Staples,PG,10106308.46,10535516.93,0.0357,0.36,10535516.93,0.0,0.0,0.93,BBB
AST-140,UNH Equity Facility #40,Equity,Healthcare,UNH,41774999.01,42005600.39,0.0235,0.36,42005600.39,0.0,0.0,1.0,BB
