timestamp,source,headline,text,company,ground_truth_sentiment,ground_truth_sentiment_score,ground_truth_event
2026-03-01 09:15:00,news,Federal Reserve signals potential rate hikes amid persistent inflation concerns,The Federal Reserve hinted at maintaining higher interest rates for longer as core inflation data remains stickier than anticipated. Markets expect tightening credit conditions across wholesale banking sectors.,JPM,negative,-0.75,Macroeconomic
2026-03-01 10:30:00,news,NVIDIA unveils next-gen AI superchip architecture with 3x efficiency gains,"NVIDIA announced its groundbreaking new Blackwell Ultra AI architecture at its annual tech summit, promising unprecedented compute power and major corporate data center adoption.",NVDA,positive,0.88,Product Launch
2026-03-01 11:45:00,news,Geopolitical tensions in Strait of Hormuz escalate; crude oil surges 8%,Naval blockades and drone activity in key shipping lanes have disrupted global oil exports. Energy analysts warn of supply chain bottlenecks and elevated freight insurance premiums.,XOM,negative,-0.82,Geopolitical
2026-03-01 13:00:00,news,JPMorgan Chase reports record Q1 investment banking revenue beating estimates,"JPMorgan Chase & Co. delivered blowout quarterly earnings, driven by strong advisory fees and robust net interest income despite broader market volatility.",JPM,positive,0.82,Earnings
2026-03-01 14:20:00,news,FDA issues unexpected warning letter to Pfizer regarding manufacturing facility,The US Food and Drug Administration issued a formal regulatory compliance notice to Pfizer concerning quality control standards at its key biologics plant.,PFE,negative,-0.65,Regulatory
2026-03-01 15:45:00,news,Apple acquires promising generative AI startup for $2.4 Billion,Apple Inc. finalized a multi-billion dollar acquisition to accelerate its on-device neural processing engine capabilities ahead of the upcoming iPhone launch.,AAPL,positive,0.7,Merger/Acquisition
2026-03-02 09:00:00,news,Regional energy supplier files for Chapter 11 bankruptcy following derivative default,"A major midstream energy contractor defaulted on $500 million in senior debt obligations, raising credit contagion risks for syndicate bank lenders.",CVX,negative,-0.91,Credit Event
2026-03-02 10:15:00,news,Microsoft Cloud Azure revenue accelerates 31% year-over-year,"Microsoft reported strong cloud adoption across enterprise clients, boosting commercial cloud margins and forward growth guidance.",MSFT,positive,0.85,Earnings
2026-03-02 11:30:00,news,EU Antitrust commission launches formal inquiry into Amazon marketplace pricing practices,European Union regulatory authorities opened an investigation into alleged anti-competitive merchant fee structures on Amazon's regional ecommerce platforms.,AMZN,negative,-0.6,Regulatory
2026-03-02 13:45:00,news,"Tesla recalls 150,000 vehicles over steering assist software glitch",Tesla Inc announced an over-the-air recall for Model Y vehicles following consumer reports of intermittent power steering resistance during cold weather.,TSLA,negative,-0.58,Product Launch
2026-03-02 15:00:00,news,Bank of America raises quarterly dividend by 10% following stress test approval,"Bank of America Corp declared an increased capital distribution strategy, highlighting strong liquidity buffers and Tier 1 capital ratios.",BAC,positive,0.76,Earnings
2026-03-03 09:30:00,news,Global semiconductor supply chain disruptions threaten auto production lines,"Unforeseen factory outages in Southeast Asia have tightened microcontroller supplies, impacting global automotive assembly schedules.",TSLA,negative,-0.68,Macroeconomic
