date,ticker,close
2025-09-01,NVDA,125.55
2025-09-01,AAPL,227.75
2025-09-01,MSFT,412.42
2025-09-01,GOOGL,171.62
2025-09-01,JPM,211.75
2025-09-01,BAC,40.2
2025-09-01,GS,482.04
2025-09-01,XOM,115.66
2025-09-01,CVX,148.54
2025-09-01,PFE,28.11
2025-09-01,JNJ,160.78
2025-09-01,TSLA,237.55
2025-09-01,AMZN,190.27
2025-09-01,META,513.88
2025-09-01,PG,167.05
2025-09-02,NVDA,126.85
2025-09-02,AAPL,224.53
2025-09-02,MSFT,417.5
2025-09-02,GOOGL,174.69
2025-09-02,JPM,209.25
2025-09-02,BAC,40.8
2025-09-02,GS,485.27
2025-09-02,XOM,117.14
2025-09-02,CVX,152.84
2025-09-02,PFE,28.02
2025-09-02,JNJ,159.04
2025-09-02,TSLA,234.5
2025-09-02,AMZN,188.04
2025-09-02,META,513.54
2025-09-02,PG,167.99
2025-09-03,NVDA,127.44
2025-09-03,AAPL,227.43
2025-09-03,MSFT,417.79
2025-09-03,GOOGL,178.59
2025-09-03,JPM,208.52
2025-09-03,BAC,42.49
2025-09-03,GS,490.07
2025-09-03,XOM,115.69
2025-09-03,CVX,150.46
2025-09-03,PFE,28.24
2025-09-03,JNJ,158.59
2025-09-03,TSLA,237.13
2025-09-03,AMZN,189.47
2025-09-03,META,513.24
2025-09-03,PG,165.94
2025-09-04,NVDA,124.61
2025-09-04,AAPL,226.02
2025-09-04,MSFT,423.37
2025-09-04,GOOGL,179.25
2025-09-04,JPM,204.73
2025-09-04,BAC,42.62
2025-09-04,GS,493.15
2025-09-04,XOM,114.21
2025-09-04,CVX,150.88
2025-09-04,PFE,28.28
2025-09-04,JNJ,155.95
2025-09-04,TSLA,238.52
2025-09-04,AMZN,191.16
2025-09-04,META,521.83
2025-09-04,PG,168.65
2025-09-05,NVDA,122.1
2025-09-05,AAPL,222.95
2025-09-05,MSFT,426.85
2025-09-05,GOOGL,180.72
2025-09-05,JPM,206.41
2025-09-05,BAC,45.1
2025-09-05,GS,497.62
2025-09-05,XOM,116.21
2025-09-05,CVX,153.11
2025-09-05,PFE,28.57
2025-09-05,JNJ,155.29
2025-09-05,TSLA,241.35
2025-09-05,AMZN,189.04
2025-09-05,META,520.24
2025-09-05,PG,167.51
2025-09-06,NVDA,122.31
2025-09-06,AAPL,230.8
2025-09-06,MSFT,415.11
2025-09-06,GOOGL,182.67
2025-09-06,JPM,201.52
2025-09-06,BAC,44.8
2025-09-06,GS,506.0
2025-09-06,XOM,116.38
2025-09-06,CVX,150.71
2025-09-06,PFE,28.28
2025-09-06,JNJ,156.95
2025-09-06,TSLA,238.83
2025-09-06,AMZN,189.75
2025-09-06,META,520.86
2025-09-06,PG,165.96
2025-09-07,NVDA,126.3
2025-09-07,AAPL,233.11
2025-09-07,MSFT,402.71
2025-09-07,GOOGL,183.27
2025-09-07,JPM,199.62
2025-09-07,BAC,45.4
2025-09-07,GS,500.24
2025-09-07,XOM,116.24
2025-09-07,CVX,151.93
2025-09-07,PFE,28.66
2025-09-07,JNJ,154.2
2025-09-07,TSLA,237.75
2025-09-07,AMZN,188.49
2025-09-07,META,516.02
2025-09-07,PG,170.44
2025-09-08,NVDA,127.13
2025-09-08,AAPL,228.82
2025-09-08,MSFT,408.46
2025-09-08,GOOGL,189.2
2025-09-08,JPM,202.81
2025-09-08,BAC,44.39
2025-09-08,GS,496.86
2025-09-08,XOM,118.51
2025-09-08,CVX,150.39
2025-09-08,PFE,28.87
2025-09-08,JNJ,156.07
2025-09-08,TSLA,234.56
2025-09-08,AMZN,188.42
2025-09-08,META,491.19
2025-09-08,PG,167.91
2025-09-09,NVDA,126.71
2025-09-09,AAPL,224.65
2025-09-09,MSFT,418.67
2025-09-09,GOOGL,185.24
2025-09-09,JPM,201.57
2025-09-09,BAC,44.5
2025-09-09,GS,507.85
2025-09-09,XOM,116.02
2025-09-09,CVX,153.09
2025-09-09,PFE,28.89
2025-09-09,JNJ,153.85
2025-09-09,TSLA,236.3
2025-09-09,AMZN,189.08
2025-09-09,META,487.01
2025-09-09,PG,168.17
2025-09-10,NVDA,126.04
2025-09-10,AAPL,225.14
2025-09-10,MSFT,423.04
2025-09-10,GOOGL,189.74
2025-09-10,JPM,197.93
2025-09-10,BAC,45.95
2025-09-10,GS,493.23
2025-09-10,XOM,115.81
2025-09-10,CVX,154.52
2025-09-10,PFE,29.03
2025-09-10,JNJ,152.49
2025-09-10,TSLA,235.68
2025-09-10,AMZN,187.78
2025-09-10,META,482.95
2025-09-10,PG,170.4
2025-09-11,NVDA,126.78
2025-09-11,AAPL,222.91
2025-09-11,MSFT,428.96
2025-09-11,GOOGL,190.71
2025-09-11,JPM,200.44
2025-09-11,BAC,46.41
2025-09-11,GS,487.34
2025-09-11,XOM,114.89
2025-09-11,CVX,156.33
2025-09-11,PFE,29.31
2025-09-11,JNJ,152.52
2025-09-11,TSLA,236.21
2025-09-11,AMZN,191.47
2025-09-11,META,478.91
2025-09-11,PG,171.88
2025-09-12,NVDA,126.46
2025-09-12,AAPL,222.29
2025-09-12,MSFT,436.24
2025-09-12,GOOGL,193.17
2025-09-12,JPM,202.99
2025-09-12,BAC,47.34
2025-09-12,GS,487.74
2025-09-12,XOM,116.12
2025-09-12,CVX,155.68
2025-09-12,PFE,29.47
2025-09-12,JNJ,152.3
2025-09-12,TSLA,236.67
2025-09-12,AMZN,193.28
2025-09-12,META,473.27
2025-09-12,PG,177.36
2025-09-13,NVDA,124.61
2025-09-13,AAPL,218.35
2025-09-13,MSFT,444.04
2025-09-13,GOOGL,195.56
2025-09-13,JPM,204.99
2025-09-13,BAC,47.81
2025-09-13,GS,487.89
2025-09-13,XOM,114.62
2025-09-13,CVX,155.93
2025-09-13,PFE,29.19
2025-09-13,JNJ,154.6
2025-09-13,TSLA,236.27
2025-09-13,AMZN,190.98
2025-09-13,META,471.23
2025-09-13,PG,178.55
2025-09-14,NVDA,123.62
2025-09-14,AAPL,215.77
2025-09-14,MSFT,445.89
2025-09-14,GOOGL,196.38
2025-09-14,JPM,203.53
2025-09-14,BAC,47.5
2025-09-14,GS,489.83
2025-09-14,XOM,112.19
2025-09-14,CVX,152.72
2025-09-14,PFE,28.89
2025-09-14,JNJ,154.18
2025-09-14,TSLA,237.49
2025-09-14,AMZN,195.3
2025-09-14,META,477.53
2025-09-14,PG,178.21
2025-09-15,NVDA,123.65
2025-09-15,AAPL,212.63
2025-09-15,MSFT,445.99
2025-09-15,GOOGL,195.63
2025-09-15,JPM,204.62
2025-09-15,BAC,46.93
2025-09-15,GS,493.89
2025-09-15,XOM,114.83
2025-09-15,CVX,152.55
2025-09-15,PFE,29.08
2025-09-15,JNJ,155.85
2025-09-15,TSLA,236.18
2025-09-15,AMZN,196.05
2025-09-15,META,477.86
2025-09-15,PG,178.56
2025-09-16,NVDA,122.28
2025-09-16,AAPL,212.81
2025-09-16,MSFT,449.54
2025-09-16,GOOGL,199.99
2025-09-16,JPM,207.67
2025-09-16,BAC,48.47
2025-09-16,GS,488.45
2025-09-16,XOM,116.39
2025-09-16,CVX,153.05
2025-09-16,PFE,30.05
2025-09-16,JNJ,154.04
2025-09-16,TSLA,233.32
2025-09-16,AMZN,194.39
2025-09-16,META,462.88
2025-09-16,PG,177.24
2025-09-17,NVDA,120.95
2025-09-17,AAPL,213.4
2025-09-17,MSFT,452.07
2025-09-17,GOOGL,205.72
2025-09-17,JPM,210.73
2025-09-17,BAC,48.07
2025-09-17,GS,482.11
2025-09-17,XOM,117.31
2025-09-17,CVX,150.1
2025-09-17,PFE,30.89
2025-09-17,JNJ,156.84
2025-09-17,TSLA,231.79
2025-09-17,AMZN,189.49
2025-09-17,META,472.51
2025-09-17,PG,177.02
2025-09-18,NVDA,123.26
2025-09-18,AAPL,208.4
2025-09-18,MSFT,448.23
2025-09-18,GOOGL,205.84
2025-09-18,JPM,210.98
2025-09-18,BAC,47.77
2025-09-18,GS,486.86
2025-09-18,XOM,115.49
2025-09-18,CVX,149.85
2025-09-18,PFE,30.96
2025-09-18,JNJ,158.13
2025-09-18,TSLA,234.38
2025-09-18,AMZN,186.39
2025-09-18,META,461.87
2025-09-18,PG,180.5
2025-09-19,NVDA,123.94
2025-09-19,AAPL,206.16
2025-09-19,MSFT,458.88
2025-09-19,GOOGL,206.3
2025-09-19,JPM,214.82
2025-09-19,BAC,47.84
2025-09-19,GS,502.15
2025-09-19,XOM,118.59
2025-09-19,CVX,149.37
2025-09-19,PFE,31.43
2025-09-19,JNJ,159.74
2025-09-19,TSLA,239.31
2025-09-19,AMZN,183.79
2025-09-19,META,466.85
2025-09-19,PG,183.46
2025-09-20,NVDA,120.73
2025-09-20,AAPL,202.6
2025-09-20,MSFT,445.07
2025-09-20,GOOGL,205.57
2025-09-20,JPM,217.24
2025-09-20,BAC,48.94
2025-09-20,GS,502.96
2025-09-20,XOM,121.55
2025-09-20,CVX,146.35
2025-09-20,PFE,30.64
2025-09-20,JNJ,159.69
2025-09-20,TSLA,240.81
2025-09-20,AMZN,183.79
2025-09-20,META,452.61
2025-09-20,PG,183.31
2025-09-21,NVDA,118.43
2025-09-21,AAPL,204.74
2025-09-21,MSFT,447.74
2025-09-21,GOOGL,202.77
2025-09-21,JPM,215.67
2025-09-21,BAC,48.19
2025-09-21,GS,502.74
2025-09-21,XOM,123.35
2025-09-21,CVX,144.26
2025-09-21,PFE,30.89
2025-09-21,JNJ,158.5
2025-09-21,TSLA,238.07
2025-09-21,AMZN,183.59
2025-09-21,META,445.81
2025-09-21,PG,181.88
2025-09-22,NVDA,116.36
2025-09-22,AAPL,210.88
2025-09-22,MSFT,448.2
2025-09-22,GOOGL,200.74
2025-09-22,JPM,216.47
2025-09-22,BAC,48.13
2025-09-22,GS,501.33
2025-09-22,XOM,124.55
2025-09-22,CVX,145.97
2025-09-22,PFE,30.66
2025-09-22,JNJ,157.21
2025-09-22,TSLA,237.21
2025-09-22,AMZN,177.34
2025-09-22,META,435.9
2025-09-22,PG,185.7
2025-09-23,NVDA,119.29
2025-09-23,AAPL,210.2
2025-09-23,MSFT,452.3
2025-09-23,GOOGL,201.78
2025-09-23,JPM,226.58
2025-09-23,BAC,48.96
2025-09-23,GS,500.62
2025-09-23,XOM,122.83
2025-09-23,CVX,142.53
2025-09-23,PFE,30.77
2025-09-23,JNJ,155.51
2025-09-23,TSLA,232.27
2025-09-23,AMZN,175.71
2025-09-23,META,429.05
2025-09-23,PG,190.49
2025-09-24,NVDA,120.93
2025-09-24,AAPL,210.28
2025-09-24,MSFT,462.57
2025-09-24,GOOGL,202.12
2025-09-24,JPM,223.77
2025-09-24,BAC,50.1
2025-09-24,GS,504.92
2025-09-24,XOM,120.98
2025-09-24,CVX,142.19
2025-09-24,PFE,30.38
2025-09-24,JNJ,152.36
2025-09-24,TSLA,235.61
2025-09-24,AMZN,180.83
2025-09-24,META,420.26
2025-09-24,PG,192.19
2025-09-25,NVDA,119.81
2025-09-25,AAPL,208.85
2025-09-25,MSFT,458.69
2025-09-25,GOOGL,199.6
2025-09-25,JPM,224.04
2025-09-25,BAC,49.5
2025-09-25,GS,507.22
2025-09-25,XOM,120.95
2025-09-25,CVX,141.75
2025-09-25,PFE,29.98
2025-09-25,JNJ,151.12
2025-09-25,TSLA,238.4
2025-09-25,AMZN,182.28
2025-09-25,META,414.31
2025-09-25,PG,192.57
2025-09-26,NVDA,121.22
2025-09-26,AAPL,203.72
2025-09-26,MSFT,462.66
2025-09-26,GOOGL,197.72
2025-09-26,JPM,226.07
2025-09-26,BAC,48.96
2025-09-26,GS,493.74
2025-09-26,XOM,118.06
2025-09-26,CVX,141.92
2025-09-26,PFE,30.11
2025-09-26,JNJ,149.15
2025-09-26,TSLA,240.8
2025-09-26,AMZN,177.83
2025-09-26,META,414.11
2025-09-26,PG,189.17
2025-09-27,NVDA,120.1
2025-09-27,AAPL,203.97
2025-09-27,MSFT,456.92
2025-09-27,GOOGL,196.68
2025-09-27,JPM,229.6
2025-09-27,BAC,48.56
2025-09-27,GS,500.18
2025-09-27,XOM,116.12
2025-09-27,CVX,143.12
2025-09-27,PFE,30.78
2025-09-27,JNJ,143.69
2025-09-27,TSLA,238.04
2025-09-27,AMZN,179.46
2025-09-27,META,413.06
2025-09-27,PG,190.32
2025-09-28,NVDA,119.07
2025-09-28,AAPL,204.34
2025-09-28,MSFT,456.08
2025-09-28,GOOGL,200.22
2025-09-28,JPM,230.59
2025-09-28,BAC,48.83
2025-09-28,GS,497.34
2025-09-28,XOM,115.33
2025-09-28,CVX,142.26
2025-09-28,PFE,30.98
2025-09-28,JNJ,142.85
2025-09-28,TSLA,239.19
2025-09-28,AMZN,185.14
2025-09-28,META,418.66
2025-09-28,PG,189.48
2025-09-29,NVDA,121.27
2025-09-29,AAPL,203.19
2025-09-29,MSFT,442.36
2025-09-29,GOOGL,197.29
2025-09-29,JPM,224.23
2025-09-29,BAC,48.6
2025-09-29,GS,497.73
2025-09-29,XOM,118.29
2025-09-29,CVX,143.03
2025-09-29,PFE,30.89
2025-09-29,JNJ,144.7
2025-09-29,TSLA,231.38
2025-09-29,AMZN,185.89
2025-09-29,META,423.71
2025-09-29,PG,185.37
2025-09-30,NVDA,123.41
2025-09-30,AAPL,204.32
2025-09-30,MSFT,439.83
2025-09-30,GOOGL,199.26
2025-09-30,JPM,231.98
2025-09-30,BAC,48.76
2025-09-30,GS,499.83
2025-09-30,XOM,117.53
2025-09-30,CVX,141.28
2025-09-30,PFE,31.29
2025-09-30,JNJ,142.91
2025-09-30,TSLA,231.74
2025-09-30,AMZN,184.65
2025-09-30,META,426.97
2025-09-30,PG,186.39
2025-10-01,NVDA,125.39
2025-10-01,AAPL,202.86
2025-10-01,MSFT,438.27
2025-10-01,GOOGL,196.43
2025-10-01,JPM,230.55
2025-10-01,BAC,49.06
2025-10-01,GS,505.76
2025-10-01,XOM,115.96
2025-10-01,CVX,143.19
2025-10-01,PFE,31.94
2025-10-01,JNJ,143.87
2025-10-01,TSLA,238.38
2025-10-01,AMZN,182.6
2025-10-01,META,419.21
2025-10-01,PG,181.51
2025-10-02,NVDA,128.27
2025-10-02,AAPL,204.95
2025-10-02,MSFT,438.12
2025-10-02,GOOGL,197.35
2025-10-02,JPM,226.77
2025-10-02,BAC,50.88
2025-10-02,GS,506.99
2025-10-02,XOM,116.21
2025-10-02,CVX,144.82
2025-10-02,PFE,32.19
2025-10-02,JNJ,144.43
2025-10-02,TSLA,235.67
2025-10-02,AMZN,183.98
2025-10-02,META,431.25
2025-10-02,PG,185.26
2025-10-03,NVDA,131.4
2025-10-03,AAPL,203.48
2025-10-03,MSFT,431.84
2025-10-03,GOOGL,197.08
2025-10-03,JPM,227.07
2025-10-03,BAC,51.74
2025-10-03,GS,494.37
2025-10-03,XOM,118.93
2025-10-03,CVX,144.55
2025-10-03,PFE,32.0
2025-10-03,JNJ,142.31
2025-10-03,TSLA,229.94
2025-10-03,AMZN,186.34
2025-10-03,META,431.94
2025-10-03,PG,181.77
2025-10-04,NVDA,128.91
2025-10-04,AAPL,202.56
2025-10-04,MSFT,442.87
2025-10-04,GOOGL,196.41
2025-10-04,JPM,222.06
2025-10-04,BAC,51.58
2025-10-04,GS,492.59
2025-10-04,XOM,114.18
2025-10-04,CVX,144.5
2025-10-04,PFE,31.91
2025-10-04,JNJ,143.87
2025-10-04,TSLA,236.43
2025-10-04,AMZN,189.58
2025-10-04,META,430.41
2025-10-04,PG,178.84
2025-10-05,NVDA,133.95
2025-10-05,AAPL,202.84
2025-10-05,MSFT,443.18
2025-10-05,GOOGL,196.44
2025-10-05,JPM,222.83
2025-10-05,BAC,51.49
2025-10-05,GS,488.6
2025-10-05,XOM,113.3
2025-10-05,CVX,144.5
2025-10-05,PFE,31.67
2025-10-05,JNJ,142.4
2025-10-05,TSLA,236.93
2025-10-05,AMZN,188.95
2025-10-05,META,440.34
2025-10-05,PG,171.82
2025-10-06,NVDA,136.21
2025-10-06,AAPL,206.73
2025-10-06,MSFT,429.62
2025-10-06,GOOGL,195.53
2025-10-06,JPM,221.7
2025-10-06,BAC,50.43
2025-10-06,GS,483.14
2025-10-06,XOM,111.47
2025-10-06,CVX,148.37
2025-10-06,PFE,32.13
2025-10-06,JNJ,145.19
2025-10-06,TSLA,239.61
2025-10-06,AMZN,185.84
2025-10-06,META,437.1
2025-10-06,PG,173.17
2025-10-07,NVDA,133.78
2025-10-07,AAPL,209.04
2025-10-07,MSFT,428.29
2025-10-07,GOOGL,194.53
2025-10-07,JPM,224.18
2025-10-07,BAC,50.79
2025-10-07,GS,480.77
2025-10-07,XOM,113.46
2025-10-07,CVX,146.04
2025-10-07,PFE,32.44
2025-10-07,JNJ,146.55
2025-10-07,TSLA,238.62
2025-10-07,AMZN,186.84
2025-10-07,META,429.12
2025-10-07,PG,175.66
2025-10-08,NVDA,133.48
2025-10-08,AAPL,207.51
2025-10-08,MSFT,435.24
2025-10-08,GOOGL,192.57
2025-10-08,JPM,219.56
2025-10-08,BAC,49.63
2025-10-08,GS,485.38
2025-10-08,XOM,111.34
2025-10-08,CVX,149.96
2025-10-08,PFE,31.44
2025-10-08,JNJ,150.35
2025-10-08,TSLA,239.49
2025-10-08,AMZN,186.66
2025-10-08,META,425.83
2025-10-08,PG,176.8
2025-10-09,NVDA,133.47
2025-10-09,AAPL,211.05
2025-10-09,MSFT,436.2
2025-10-09,GOOGL,193.1
2025-10-09,JPM,218.47
2025-10-09,BAC,49.61
2025-10-09,GS,487.86
2025-10-09,XOM,108.54
2025-10-09,CVX,147.0
2025-10-09,PFE,31.81
2025-10-09,JNJ,150.81
2025-10-09,TSLA,238.95
2025-10-09,AMZN,186.8
2025-10-09,META,428.26
2025-10-09,PG,175.46
2025-10-10,NVDA,131.98
2025-10-10,AAPL,211.78
2025-10-10,MSFT,430.02
2025-10-10,GOOGL,194.38
2025-10-10,JPM,213.0
2025-10-10,BAC,50.4
2025-10-10,GS,491.56
2025-10-10,XOM,109.01
2025-10-10,CVX,149.24
2025-10-10,PFE,32.62
2025-10-10,JNJ,153.18
2025-10-10,TSLA,232.47
2025-10-10,AMZN,183.31
2025-10-10,META,424.46
2025-10-10,PG,175.62
2025-10-11,NVDA,133.07
2025-10-11,AAPL,209.58
2025-10-11,MSFT,431.44
2025-10-11,GOOGL,192.27
2025-10-11,JPM,211.15
2025-10-11,BAC,49.36
2025-10-11,GS,485.0
2025-10-11,XOM,106.85
2025-10-11,CVX,147.13
2025-10-11,PFE,33.15
2025-10-11,JNJ,151.08
2025-10-11,TSLA,241.77
2025-10-11,AMZN,184.76
2025-10-11,META,425.85
2025-10-11,PG,173.45
2025-10-12,NVDA,134.53
2025-10-12,AAPL,207.88
2025-10-12,MSFT,432.45
2025-10-12,GOOGL,199.75
2025-10-12,JPM,210.95
2025-10-12,BAC,50.24
2025-10-12,GS,480.13
2025-10-12,XOM,106.85
2025-10-12,CVX,151.11
2025-10-12,PFE,32.85
2025-10-12,JNJ,155.26
2025-10-12,TSLA,244.46
2025-10-12,AMZN,183.29
2025-10-12,META,430.1
2025-10-12,PG,176.07
2025-10-13,NVDA,135.85
2025-10-13,AAPL,203.09
2025-10-13,MSFT,427.95
2025-10-13,GOOGL,199.11
2025-10-13,JPM,210.82
2025-10-13,BAC,50.73
2025-10-13,GS,481.65
2025-10-13,XOM,104.76
2025-10-13,CVX,152.05
2025-10-13,PFE,33.17
2025-10-13,JNJ,156.64
2025-10-13,TSLA,248.55
2025-10-13,AMZN,185.67
2025-10-13,META,433.28
2025-10-13,PG,175.97
2025-10-14,NVDA,132.53
2025-10-14,AAPL,204.5
2025-10-14,MSFT,429.5
2025-10-14,GOOGL,200.02
2025-10-14,JPM,206.89
2025-10-14,BAC,49.93
2025-10-14,GS,489.5
2025-10-14,XOM,104.75
2025-10-14,CVX,153.68
2025-10-14,PFE,33.2
2025-10-14,JNJ,156.79
2025-10-14,TSLA,252.17
2025-10-14,AMZN,184.33
2025-10-14,META,434.12
2025-10-14,PG,174.84
2025-10-15,NVDA,131.73
2025-10-15,AAPL,203.65
2025-10-15,MSFT,431.15
2025-10-15,GOOGL,198.68
2025-10-15,JPM,210.89
2025-10-15,BAC,49.28
2025-10-15,GS,488.37
2025-10-15,XOM,104.11
2025-10-15,CVX,157.09
2025-10-15,PFE,33.31
2025-10-15,JNJ,159.3
2025-10-15,TSLA,246.68
2025-10-15,AMZN,185.16
2025-10-15,META,440.13
2025-10-15,PG,175.14
2025-10-16,NVDA,133.9
2025-10-16,AAPL,202.17
2025-10-16,MSFT,440.48
2025-10-16,GOOGL,205.63
2025-10-16,JPM,209.85
2025-10-16,BAC,48.98
2025-10-16,GS,499.26
2025-10-16,XOM,106.63
2025-10-16,CVX,155.94
2025-10-16,PFE,33.12
2025-10-16,JNJ,158.71
2025-10-16,TSLA,241.83
2025-10-16,AMZN,182.7
2025-10-16,META,433.72
2025-10-16,PG,173.21
2025-10-17,NVDA,133.9
2025-10-17,AAPL,202.98
2025-10-17,MSFT,450.94
2025-10-17,GOOGL,202.65
2025-10-17,JPM,213.05
2025-10-17,BAC,48.85
2025-10-17,GS,499.14
2025-10-17,XOM,107.76
2025-10-17,CVX,153.39
2025-10-17,PFE,33.33
2025-10-17,JNJ,159.19
2025-10-17,TSLA,243.74
2025-10-17,AMZN,183.58
2025-10-17,META,449.91
2025-10-17,PG,171.64
2025-10-18,NVDA,132.9
2025-10-18,AAPL,201.18
2025-10-18,MSFT,447.41
2025-10-18,GOOGL,200.81
2025-10-18,JPM,216.96
2025-10-18,BAC,49.92
2025-10-18,GS,495.12
2025-10-18,XOM,106.47
2025-10-18,CVX,154.55
2025-10-18,PFE,33.07
2025-10-18,JNJ,160.78
2025-10-18,TSLA,244.6
2025-10-18,AMZN,179.5
2025-10-18,META,460.58
2025-10-18,PG,176.35
2025-10-19,NVDA,131.74
2025-10-19,AAPL,200.11
2025-10-19,MSFT,449.55
2025-10-19,GOOGL,201.92
2025-10-19,JPM,219.21
2025-10-19,BAC,51.45
2025-10-19,GS,494.05
2025-10-19,XOM,105.25
2025-10-19,CVX,151.43
2025-10-19,PFE,32.72
2025-10-19,JNJ,160.78
2025-10-19,TSLA,251.31
2025-10-19,AMZN,178.2
2025-10-19,META,462.36
2025-10-19,PG,176.39
2025-10-20,NVDA,134.15
2025-10-20,AAPL,207.8
2025-10-20,MSFT,446.19
2025-10-20,GOOGL,200.54
2025-10-20,JPM,222.75
2025-10-20,BAC,52.0
2025-10-20,GS,507.98
2025-10-20,XOM,106.22
2025-10-20,CVX,150.69
2025-10-20,PFE,33.03
2025-10-20,JNJ,163.53
2025-10-20,TSLA,254.53
2025-10-20,AMZN,179.65
2025-10-20,META,469.99
2025-10-20,PG,179.57
2025-10-21,NVDA,137.0
2025-10-21,AAPL,209.93
2025-10-21,MSFT,445.29
2025-10-21,GOOGL,201.08
2025-10-21,JPM,226.89
2025-10-21,BAC,51.39
2025-10-21,GS,511.04
2025-10-21,XOM,105.65
2025-10-21,CVX,150.83
2025-10-21,PFE,33.68
2025-10-21,JNJ,164.08
2025-10-21,TSLA,254.83
2025-10-21,AMZN,176.08
2025-10-21,META,475.49
2025-10-21,PG,181.4
2025-10-22,NVDA,141.51
2025-10-22,AAPL,209.07
2025-10-22,MSFT,446.98
2025-10-22,GOOGL,201.93
2025-10-22,JPM,232.37
2025-10-22,BAC,51.34
2025-10-22,GS,513.43
2025-10-22,XOM,106.67
2025-10-22,CVX,151.33
2025-10-22,PFE,33.47
2025-10-22,JNJ,164.64
2025-10-22,TSLA,259.06
2025-10-22,AMZN,173.46
2025-10-22,META,476.68
2025-10-22,PG,179.59
2025-10-23,NVDA,144.12
2025-10-23,AAPL,204.4
2025-10-23,MSFT,443.46
2025-10-23,GOOGL,203.17
2025-10-23,JPM,237.94
2025-10-23,BAC,51.32
2025-10-23,GS,509.41
2025-10-23,XOM,109.73
2025-10-23,CVX,148.12
2025-10-23,PFE,32.38
2025-10-23,JNJ,165.81
2025-10-23,TSLA,257.24
2025-10-23,AMZN,170.89
2025-10-23,META,481.98
2025-10-23,PG,180.34
2025-10-24,NVDA,142.97
2025-10-24,AAPL,200.58
2025-10-24,MSFT,449.49
2025-10-24,GOOGL,205.25
2025-10-24,JPM,237.71
2025-10-24,BAC,52.77
2025-10-24,GS,501.49
2025-10-24,XOM,107.27
2025-10-24,CVX,146.66
2025-10-24,PFE,32.37
2025-10-24,JNJ,166.5
2025-10-24,TSLA,256.44
2025-10-24,AMZN,171.88
2025-10-24,META,473.17
2025-10-24,PG,184.34
2025-10-25,NVDA,142.87
2025-10-25,AAPL,204.04
2025-10-25,MSFT,452.03
2025-10-25,GOOGL,206.76
2025-10-25,JPM,239.86
2025-10-25,BAC,53.15
2025-10-25,GS,506.58
2025-10-25,XOM,109.46
2025-10-25,CVX,147.17
2025-10-25,PFE,32.73
2025-10-25,JNJ,166.36
2025-10-25,TSLA,262.11
2025-10-25,AMZN,170.22
2025-10-25,META,486.19
2025-10-25,PG,184.32
2025-10-26,NVDA,139.88
2025-10-26,AAPL,204.53
2025-10-26,MSFT,447.64
2025-10-26,GOOGL,209.47
2025-10-26,JPM,237.63
2025-10-26,BAC,52.82
2025-10-26,GS,492.48
2025-10-26,XOM,108.77
2025-10-26,CVX,141.89
2025-10-26,PFE,31.97
2025-10-26,JNJ,168.34
2025-10-26,TSLA,265.33
2025-10-26,AMZN,171.39
2025-10-26,META,479.38
2025-10-26,PG,184.28
2025-10-27,NVDA,139.94
2025-10-27,AAPL,201.08
2025-10-27,MSFT,457.96
2025-10-27,GOOGL,212.33
2025-10-27,JPM,236.96
2025-10-27,BAC,52.87
2025-10-27,GS,494.27
2025-10-27,XOM,105.49
2025-10-27,CVX,141.43
2025-10-27,PFE,31.66
2025-10-27,JNJ,165.89
2025-10-27,TSLA,264.34
2025-10-27,AMZN,176.1
2025-10-27,META,484.23
2025-10-27,PG,182.79
2025-10-28,NVDA,141.21
2025-10-28,AAPL,205.4
2025-10-28,MSFT,464.54
2025-10-28,GOOGL,212.63
2025-10-28,JPM,234.78
2025-10-28,BAC,53.45
2025-10-28,GS,497.43
2025-10-28,XOM,106.96
2025-10-28,CVX,142.85
2025-10-28,PFE,32.17
2025-10-28,JNJ,164.64
2025-10-28,TSLA,269.7
2025-10-28,AMZN,176.71
2025-10-28,META,499.55
2025-10-28,PG,180.99
2025-10-29,NVDA,144.96
2025-10-29,AAPL,206.11
2025-10-29,MSFT,460.23
2025-10-29,GOOGL,211.19
2025-10-29,JPM,233.77
2025-10-29,BAC,53.82
2025-10-29,GS,501.58
2025-10-29,XOM,106.09
2025-10-29,CVX,142.87
2025-10-29,PFE,33.22
2025-10-29,JNJ,168.99
2025-10-29,TSLA,271.6
2025-10-29,AMZN,176.9
2025-10-29,META,500.7
2025-10-29,PG,182.75
2025-10-30,NVDA,142.81
2025-10-30,AAPL,205.42
2025-10-30,MSFT,448.94
2025-10-30,GOOGL,212.56
2025-10-30,JPM,236.16
2025-10-30,BAC,53.46
2025-10-30,GS,513.67
2025-10-30,XOM,104.19
2025-10-30,CVX,139.8
2025-10-30,PFE,33.35
2025-10-30,JNJ,171.73
2025-10-30,TSLA,278.6
2025-10-30,AMZN,175.77
2025-10-30,META,509.05
2025-10-30,PG,182.74
2025-10-31,NVDA,142.51
2025-10-31,AAPL,208.25
2025-10-31,MSFT,453.56
2025-10-31,GOOGL,207.64
2025-10-31,JPM,241.51
2025-10-31,BAC,54.59
2025-10-31,GS,509.11
2025-10-31,XOM,104.86
2025-10-31,CVX,140.91
2025-10-31,PFE,33.5
2025-10-31,JNJ,170.4
2025-10-31,TSLA,275.93
2025-10-31,AMZN,175.79
2025-10-31,META,518.26
2025-10-31,PG,184.32
2025-11-01,NVDA,141.79
2025-11-01,AAPL,210.76
2025-11-01,MSFT,434.41
2025-11-01,GOOGL,211.32
2025-11-01,JPM,235.33
2025-11-01,BAC,54.32
2025-11-01,GS,500.81
2025-11-01,XOM,102.88
2025-11-01,CVX,143.43
2025-11-01,PFE,33.28
2025-11-01,JNJ,171.37
2025-11-01,TSLA,275.87
2025-11-01,AMZN,177.14
2025-11-01,META,519.12
2025-11-01,PG,180.86
2025-11-02,NVDA,143.98
2025-11-02,AAPL,209.3
2025-11-02,MSFT,424.48
2025-11-02,GOOGL,210.07
2025-11-02,JPM,240.75
2025-11-02,BAC,55.04
2025-11-02,GS,498.44
2025-11-02,XOM,102.39
2025-11-02,CVX,142.81
2025-11-02,PFE,34.33
2025-11-02,JNJ,172.44
2025-11-02,TSLA,277.79
2025-11-02,AMZN,179.97
2025-11-02,META,521.24
2025-11-02,PG,180.25
2025-11-03,NVDA,143.63
2025-11-03,AAPL,209.18
2025-11-03,MSFT,424.46
2025-11-03,GOOGL,212.47
2025-11-03,JPM,241.06
2025-11-03,BAC,55.67
2025-11-03,GS,498.09
2025-11-03,XOM,102.56
2025-11-03,CVX,138.6
2025-11-03,PFE,34.82
2025-11-03,JNJ,173.42
2025-11-03,TSLA,282.09
2025-11-03,AMZN,172.24
2025-11-03,META,537.83
2025-11-03,PG,179.96
2025-11-04,NVDA,146.09
2025-11-04,AAPL,206.02
2025-11-04,MSFT,428.57
2025-11-04,GOOGL,209.22
2025-11-04,JPM,238.93
2025-11-04,BAC,57.3
2025-11-04,GS,496.91
2025-11-04,XOM,102.95
2025-11-04,CVX,140.48
2025-11-04,PFE,35.1
2025-11-04,JNJ,173.9
2025-11-04,TSLA,283.78
2025-11-04,AMZN,178.54
2025-11-04,META,537.63
2025-11-04,PG,180.59
2025-11-05,NVDA,148.47
2025-11-05,AAPL,209.54
2025-11-05,MSFT,436.42
2025-11-05,GOOGL,211.33
2025-11-05,JPM,234.95
2025-11-05,BAC,58.73
2025-11-05,GS,488.61
2025-11-05,XOM,103.47
2025-11-05,CVX,138.96
2025-11-05,PFE,35.08
2025-11-05,JNJ,174.84
2025-11-05,TSLA,285.29
2025-11-05,AMZN,179.76
2025-11-05,META,550.91
2025-11-05,PG,181.91
2025-11-06,NVDA,148.0
2025-11-06,AAPL,212.67
2025-11-06,MSFT,444.42
2025-11-06,GOOGL,207.54
2025-11-06,JPM,237.17
2025-11-06,BAC,59.38
2025-11-06,GS,486.67
2025-11-06,XOM,105.66
2025-11-06,CVX,138.72
2025-11-06,PFE,35.16
2025-11-06,JNJ,174.47
2025-11-06,TSLA,285.5
2025-11-06,AMZN,176.89
2025-11-06,META,539.29
2025-11-06,PG,186.35
2025-11-07,NVDA,146.19
2025-11-07,AAPL,209.61
2025-11-07,MSFT,430.29
2025-11-07,GOOGL,205.65
2025-11-07,JPM,232.58
2025-11-07,BAC,60.87
2025-11-07,GS,494.29
2025-11-07,XOM,104.62
2025-11-07,CVX,143.48
2025-11-07,PFE,35.7
2025-11-07,JNJ,173.71
2025-11-07,TSLA,274.94
2025-11-07,AMZN,183.06
2025-11-07,META,528.32
2025-11-07,PG,181.84
2025-11-08,NVDA,148.51
2025-11-08,AAPL,217.39
2025-11-08,MSFT,439.44
2025-11-08,GOOGL,207.49
2025-11-08,JPM,234.77
2025-11-08,BAC,61.68
2025-11-08,GS,500.16
2025-11-08,XOM,105.11
2025-11-08,CVX,143.78
2025-11-08,PFE,35.68
2025-11-08,JNJ,171.83
2025-11-08,TSLA,273.92
2025-11-08,AMZN,178.5
2025-11-08,META,527.8
2025-11-08,PG,179.23
2025-11-09,NVDA,146.13
2025-11-09,AAPL,218.09
2025-11-09,MSFT,448.84
2025-11-09,GOOGL,210.45
2025-11-09,JPM,229.36
2025-11-09,BAC,60.8
2025-11-09,GS,507.47
2025-11-09,XOM,103.61
2025-11-09,CVX,143.37
2025-11-09,PFE,35.99
2025-11-09,JNJ,169.42
2025-11-09,TSLA,274.49
2025-11-09,AMZN,175.02
2025-11-09,META,523.3
2025-11-09,PG,180.18
2025-11-10,NVDA,142.71
2025-11-10,AAPL,219.64
2025-11-10,MSFT,448.93
2025-11-10,GOOGL,212.3
2025-11-10,JPM,230.25
2025-11-10,BAC,62.07
2025-11-10,GS,508.68
2025-11-10,XOM,102.99
2025-11-10,CVX,143.7
2025-11-10,PFE,36.3
2025-11-10,JNJ,169.63
2025-11-10,TSLA,274.79
2025-11-10,AMZN,173.26
2025-11-10,META,518.36
2025-11-10,PG,176.48
2025-11-11,NVDA,146.53
2025-11-11,AAPL,215.65
2025-11-11,MSFT,444.49
2025-11-11,GOOGL,210.12
2025-11-11,JPM,233.46
2025-11-11,BAC,61.83
2025-11-11,GS,518.45
2025-11-11,XOM,102.0
2025-11-11,CVX,144.37
2025-11-11,PFE,35.86
2025-11-11,JNJ,175.17
2025-11-11,TSLA,270.03
2025-11-11,AMZN,174.15
2025-11-11,META,523.55
2025-11-11,PG,177.66
2025-11-12,NVDA,146.2
2025-11-12,AAPL,215.34
2025-11-12,MSFT,445.0
2025-11-12,GOOGL,209.76
2025-11-12,JPM,236.95
2025-11-12,BAC,63.91
2025-11-12,GS,514.37
2025-11-12,XOM,99.96
2025-11-12,CVX,144.25
2025-11-12,PFE,37.27
2025-11-12,JNJ,173.15
2025-11-12,TSLA,276.8
2025-11-12,AMZN,178.62
2025-11-12,META,519.46
2025-11-12,PG,179.27
2025-11-13,NVDA,149.84
2025-11-13,AAPL,214.22
2025-11-13,MSFT,443.86
2025-11-13,GOOGL,208.03
2025-11-13,JPM,233.46
2025-11-13,BAC,63.32
2025-11-13,GS,505.18
2025-11-13,XOM,100.06
2025-11-13,CVX,142.66
2025-11-13,PFE,37.42
2025-11-13,JNJ,169.2
2025-11-13,TSLA,278.31
2025-11-13,AMZN,180.94
2025-11-13,META,504.18
2025-11-13,PG,180.37
2025-11-14,NVDA,152.67
2025-11-14,AAPL,210.44
2025-11-14,MSFT,455.22
2025-11-14,GOOGL,209.44
2025-11-14,JPM,231.11
2025-11-14,BAC,63.3
2025-11-14,GS,509.66
2025-11-14,XOM,100.22
2025-11-14,CVX,143.88
2025-11-14,PFE,36.92
2025-11-14,JNJ,169.71
2025-11-14,TSLA,272.55
2025-11-14,AMZN,180.73
2025-11-14,META,497.6
2025-11-14,PG,178.47
2025-11-15,NVDA,155.58
2025-11-15,AAPL,213.99
2025-11-15,MSFT,459.61
2025-11-15,GOOGL,206.11
2025-11-15,JPM,230.13
2025-11-15,BAC,64.48
2025-11-15,GS,511.0
2025-11-15,XOM,103.76
2025-11-15,CVX,144.8
2025-11-15,PFE,37.04
2025-11-15,JNJ,169.01
2025-11-15,TSLA,273.23
2025-11-15,AMZN,180.41
2025-11-15,META,503.13
2025-11-15,PG,181.12
2025-11-16,NVDA,153.82
2025-11-16,AAPL,209.82
2025-11-16,MSFT,447.18
2025-11-16,GOOGL,207.78
2025-11-16,JPM,226.44
2025-11-16,BAC,62.43
2025-11-16,GS,514.23
2025-11-16,XOM,107.69
2025-11-16,CVX,144.86
2025-11-16,PFE,37.52
2025-11-16,JNJ,169.3
2025-11-16,TSLA,272.96
2025-11-16,AMZN,182.99
2025-11-16,META,501.19
2025-11-16,PG,181.94
2025-11-17,NVDA,154.64
2025-11-17,AAPL,207.82
2025-11-17,MSFT,454.06
2025-11-17,GOOGL,207.34
2025-11-17,JPM,223.99
2025-11-17,BAC,62.96
2025-11-17,GS,507.56
2025-11-17,XOM,107.79
2025-11-17,CVX,144.91
2025-11-17,PFE,38.15
2025-11-17,JNJ,170.59
2025-11-17,TSLA,272.99
2025-11-17,AMZN,185.33
2025-11-17,META,511.89
2025-11-17,PG,183.55
2025-11-18,NVDA,154.74
2025-11-18,AAPL,203.83
2025-11-18,MSFT,447.03
2025-11-18,GOOGL,206.49
2025-11-18,JPM,222.05
2025-11-18,BAC,62.81
2025-11-18,GS,508.25
2025-11-18,XOM,108.7
2025-11-18,CVX,144.83
2025-11-18,PFE,38.45
2025-11-18,JNJ,170.84
2025-11-18,TSLA,265.04
2025-11-18,AMZN,182.81
2025-11-18,META,511.04
2025-11-18,PG,180.31
2025-11-19,NVDA,156.21
2025-11-19,AAPL,208.61
2025-11-19,MSFT,455.43
2025-11-19,GOOGL,205.93
2025-11-19,JPM,227.13
2025-11-19,BAC,62.98
2025-11-19,GS,505.93
2025-11-19,XOM,107.75
2025-11-19,CVX,144.25
2025-11-19,PFE,38.25
2025-11-19,JNJ,171.36
2025-11-19,TSLA,265.81
2025-11-19,AMZN,182.91
2025-11-19,META,514.64
2025-11-19,PG,183.62
2025-11-20,NVDA,158.51
2025-11-20,AAPL,204.07
2025-11-20,MSFT,438.21
2025-11-20,GOOGL,208.92
2025-11-20,JPM,222.59
2025-11-20,BAC,62.8
2025-11-20,GS,497.3
2025-11-20,XOM,104.89
2025-11-20,CVX,145.49
2025-11-20,PFE,38.7
2025-11-20,JNJ,169.96
2025-11-20,TSLA,255.61
2025-11-20,AMZN,181.5
2025-11-20,META,517.92
2025-11-20,PG,179.64
2025-11-21,NVDA,159.03
2025-11-21,AAPL,204.13
2025-11-21,MSFT,442.24
2025-11-21,GOOGL,209.4
2025-11-21,JPM,219.45
2025-11-21,BAC,63.96
2025-11-21,GS,496.37
2025-11-21,XOM,104.9
2025-11-21,CVX,143.53
2025-11-21,PFE,38.46
2025-11-21,JNJ,167.79
2025-11-21,TSLA,255.07
2025-11-21,AMZN,186.25
2025-11-21,META,507.52
2025-11-21,PG,175.38
2025-11-22,NVDA,162.62
2025-11-22,AAPL,203.59
2025-11-22,MSFT,438.02
2025-11-22,GOOGL,212.77
2025-11-22,JPM,217.57
2025-11-22,BAC,65.74
2025-11-22,GS,501.67
2025-11-22,XOM,104.18
2025-11-22,CVX,148.25
2025-11-22,PFE,38.13
2025-11-22,JNJ,169.74
2025-11-22,TSLA,256.34
2025-11-22,AMZN,189.98
2025-11-22,META,519.66
2025-11-22,PG,175.55
2025-11-23,NVDA,160.86
2025-11-23,AAPL,205.1
2025-11-23,MSFT,433.79
2025-11-23,GOOGL,219.3
2025-11-23,JPM,218.12
2025-11-23,BAC,65.41
2025-11-23,GS,503.31
2025-11-23,XOM,102.13
2025-11-23,CVX,146.16
2025-11-23,PFE,38.84
2025-11-23,JNJ,168.15
2025-11-23,TSLA,252.44
2025-11-23,AMZN,191.6
2025-11-23,META,529.16
2025-11-23,PG,177.53
2025-11-24,NVDA,163.34
2025-11-24,AAPL,202.87
2025-11-24,MSFT,424.76
2025-11-24,GOOGL,224.35
2025-11-24,JPM,217.17
2025-11-24,BAC,65.2
2025-11-24,GS,513.59
2025-11-24,XOM,103.03
2025-11-24,CVX,147.23
2025-11-24,PFE,40.12
2025-11-24,JNJ,166.61
2025-11-24,TSLA,256.08
2025-11-24,AMZN,191.86
2025-11-24,META,531.56
2025-11-24,PG,181.69
2025-11-25,NVDA,164.67
2025-11-25,AAPL,204.61
2025-11-25,MSFT,431.81
2025-11-25,GOOGL,223.23
2025-11-25,JPM,214.54
2025-11-25,BAC,64.21
2025-11-25,GS,498.7
2025-11-25,XOM,106.26
2025-11-25,CVX,144.87
2025-11-25,PFE,40.01
2025-11-25,JNJ,166.0
2025-11-25,TSLA,257.39
2025-11-25,AMZN,194.3
2025-11-25,META,538.69
2025-11-25,PG,180.19
2025-11-26,NVDA,164.34
2025-11-26,AAPL,205.58
2025-11-26,MSFT,430.42
2025-11-26,GOOGL,228.72
2025-11-26,JPM,216.23
2025-11-26,BAC,64.95
2025-11-26,GS,503.91
2025-11-26,XOM,108.18
2025-11-26,CVX,145.34
2025-11-26,PFE,39.25
2025-11-26,JNJ,167.08
2025-11-26,TSLA,255.0
2025-11-26,AMZN,192.86
2025-11-26,META,543.7
2025-11-26,PG,183.63
2025-11-27,NVDA,164.47
2025-11-27,AAPL,206.64
2025-11-27,MSFT,441.63
2025-11-27,GOOGL,229.66
2025-11-27,JPM,224.78
2025-11-27,BAC,65.53
2025-11-27,GS,490.85
2025-11-27,XOM,109.46
2025-11-27,CVX,146.24
2025-11-27,PFE,40.03
2025-11-27,JNJ,168.85
2025-11-27,TSLA,254.6
2025-11-27,AMZN,189.41
2025-11-27,META,542.27
2025-11-27,PG,181.38
2025-11-28,NVDA,163.12
2025-11-28,AAPL,208.57
2025-11-28,MSFT,452.91
2025-11-28,GOOGL,231.13
2025-11-28,JPM,220.86
2025-11-28,BAC,66.0
2025-11-28,GS,499.91
2025-11-28,XOM,108.51
2025-11-28,CVX,146.02
2025-11-28,PFE,40.06
2025-11-28,JNJ,166.95
2025-11-28,TSLA,257.2
2025-11-28,AMZN,189.16
2025-11-28,META,545.95
2025-11-28,PG,179.06
2025-11-29,NVDA,162.13
2025-11-29,AAPL,210.93
2025-11-29,MSFT,450.6
2025-11-29,GOOGL,237.23
2025-11-29,JPM,219.65
2025-11-29,BAC,66.26
2025-11-29,GS,507.15
2025-11-29,XOM,106.26
2025-11-29,CVX,142.24
2025-11-29,PFE,39.16
2025-11-29,JNJ,170.2
2025-11-29,TSLA,255.2
2025-11-29,AMZN,196.51
2025-11-29,META,541.6
2025-11-29,PG,179.65
2025-11-30,NVDA,165.96
2025-11-30,AAPL,217.38
2025-11-30,MSFT,464.76
2025-11-30,GOOGL,241.65
2025-11-30,JPM,223.13
2025-11-30,BAC,66.88
2025-11-30,GS,513.32
2025-11-30,XOM,105.43
2025-11-30,CVX,140.57
2025-11-30,PFE,39.18
2025-11-30,JNJ,169.85
2025-11-30,TSLA,253.59
2025-11-30,AMZN,198.66
2025-11-30,META,549.63
2025-11-30,PG,179.98
2025-12-01,NVDA,169.72
2025-12-01,AAPL,213.77
2025-12-01,MSFT,463.64
2025-12-01,GOOGL,239.17
2025-12-01,JPM,216.99
2025-12-01,BAC,66.83
2025-12-01,GS,512.64
2025-12-01,XOM,107.88
2025-12-01,CVX,141.97
2025-12-01,PFE,38.6
2025-12-01,JNJ,174.66
2025-12-01,TSLA,258.36
2025-12-01,AMZN,200.49
2025-12-01,META,548.04
2025-12-01,PG,177.48
2025-12-02,NVDA,168.86
2025-12-02,AAPL,217.37
2025-12-02,MSFT,476.98
2025-12-02,GOOGL,244.83
2025-12-02,JPM,215.51
2025-12-02,BAC,65.74
2025-12-02,GS,513.98
2025-12-02,XOM,105.07
2025-12-02,CVX,142.73
2025-12-02,PFE,38.53
2025-12-02,JNJ,173.53
2025-12-02,TSLA,252.31
2025-12-02,AMZN,202.13
2025-12-02,META,543.93
2025-12-02,PG,174.45
2025-12-03,NVDA,161.67
2025-12-03,AAPL,217.39
2025-12-03,MSFT,489.9
2025-12-03,GOOGL,251.05
2025-12-03,JPM,214.14
2025-12-03,BAC,65.18
2025-12-03,GS,517.85
2025-12-03,XOM,103.55
2025-12-03,CVX,143.45
2025-12-03,PFE,38.99
2025-12-03,JNJ,176.81
2025-12-03,TSLA,252.06
2025-12-03,AMZN,201.61
2025-12-03,META,537.04
2025-12-03,PG,172.37
2025-12-04,NVDA,161.2
2025-12-04,AAPL,218.7
2025-12-04,MSFT,496.86
2025-12-04,GOOGL,248.15
2025-12-04,JPM,219.04
2025-12-04,BAC,64.95
2025-12-04,GS,517.94
2025-12-04,XOM,102.44
2025-12-04,CVX,138.31
2025-12-04,PFE,39.53
2025-12-04,JNJ,178.85
2025-12-04,TSLA,251.12
2025-12-04,AMZN,201.91
2025-12-04,META,541.46
2025-12-04,PG,168.42
2025-12-05,NVDA,160.0
2025-12-05,AAPL,221.41
2025-12-05,MSFT,487.76
2025-12-05,GOOGL,249.37
2025-12-05,JPM,214.69
2025-12-05,BAC,65.44
2025-12-05,GS,517.92
2025-12-05,XOM,100.01
2025-12-05,CVX,140.8
2025-12-05,PFE,39.11
2025-12-05,JNJ,176.77
2025-12-05,TSLA,252.0
2025-12-05,AMZN,205.49
2025-12-05,META,533.48
2025-12-05,PG,168.66
2025-12-06,NVDA,161.11
2025-12-06,AAPL,223.82
2025-12-06,MSFT,489.29
2025-12-06,GOOGL,248.12
2025-12-06,JPM,212.13
2025-12-06,BAC,65.56
2025-12-06,GS,509.85
2025-12-06,XOM,95.68
2025-12-06,CVX,141.79
2025-12-06,PFE,39.66
2025-12-06,JNJ,170.59
2025-12-06,TSLA,248.31
2025-12-06,AMZN,207.5
2025-12-06,META,550.21
2025-12-06,PG,168.8
2025-12-07,NVDA,159.43
2025-12-07,AAPL,223.32
2025-12-07,MSFT,499.63
2025-12-07,GOOGL,245.84
2025-12-07,JPM,209.69
2025-12-07,BAC,65.12
2025-12-07,GS,502.81
2025-12-07,XOM,95.9
2025-12-07,CVX,145.32
2025-12-07,PFE,39.87
2025-12-07,JNJ,170.03
2025-12-07,TSLA,247.35
2025-12-07,AMZN,202.74
2025-12-07,META,557.77
2025-12-07,PG,168.69
2025-12-08,NVDA,159.08
2025-12-08,AAPL,234.13
2025-12-08,MSFT,502.12
2025-12-08,GOOGL,243.19
2025-12-08,JPM,208.45
2025-12-08,BAC,66.27
2025-12-08,GS,503.92
2025-12-08,XOM,93.88
2025-12-08,CVX,147.4
2025-12-08,PFE,39.49
2025-12-08,JNJ,174.89
2025-12-08,TSLA,251.48
2025-12-08,AMZN,201.48
2025-12-08,META,568.77
2025-12-08,PG,168.95
2025-12-09,NVDA,161.19
2025-12-09,AAPL,235.95
2025-12-09,MSFT,496.0
2025-12-09,GOOGL,240.96
2025-12-09,JPM,211.77
2025-12-09,BAC,65.97
2025-12-09,GS,501.12
2025-12-09,XOM,92.58
2025-12-09,CVX,148.41
2025-12-09,PFE,40.73
2025-12-09,JNJ,172.18
2025-12-09,TSLA,251.7
2025-12-09,AMZN,205.85
2025-12-09,META,568.37
2025-12-09,PG,170.18
2025-12-10,NVDA,158.7
2025-12-10,AAPL,237.58
2025-12-10,MSFT,494.86
2025-12-10,GOOGL,244.64
2025-12-10,JPM,215.65
2025-12-10,BAC,68.57
2025-12-10,GS,505.73
2025-12-10,XOM,93.08
2025-12-10,CVX,148.92
2025-12-10,PFE,40.53
2025-12-10,JNJ,173.14
2025-12-10,TSLA,250.71
2025-12-10,AMZN,206.47
2025-12-10,META,579.89
2025-12-10,PG,167.7
2025-12-11,NVDA,161.49
2025-12-11,AAPL,242.39
2025-12-11,MSFT,494.23
2025-12-11,GOOGL,236.98
2025-12-11,JPM,213.79
2025-12-11,BAC,69.94
2025-12-11,GS,505.81
2025-12-11,XOM,91.73
2025-12-11,CVX,147.87
2025-12-11,PFE,41.06
2025-12-11,JNJ,174.65
2025-12-11,TSLA,249.94
2025-12-11,AMZN,205.44
2025-12-11,META,576.77
2025-12-11,PG,165.46
2025-12-12,NVDA,165.48
2025-12-12,AAPL,241.34
2025-12-12,MSFT,503.5
2025-12-12,GOOGL,242.51
2025-12-12,JPM,217.1
2025-12-12,BAC,69.52
2025-12-12,GS,509.13
2025-12-12,XOM,91.74
2025-12-12,CVX,145.94
2025-12-12,PFE,41.28
2025-12-12,JNJ,171.65
2025-12-12,TSLA,254.52
2025-12-12,AMZN,204.11
2025-12-12,META,578.8
2025-12-12,PG,166.25
2025-12-13,NVDA,164.92
2025-12-13,AAPL,243.58
2025-12-13,MSFT,500.17
2025-12-13,GOOGL,245.8
2025-12-13,JPM,212.83
2025-12-13,BAC,69.69
2025-12-13,GS,524.19
2025-12-13,XOM,90.41
2025-12-13,CVX,144.53
2025-12-13,PFE,41.62
2025-12-13,JNJ,172.2
2025-12-13,TSLA,255.99
2025-12-13,AMZN,205.71
2025-12-13,META,584.6
2025-12-13,PG,169.1
2025-12-14,NVDA,166.02
2025-12-14,AAPL,242.82
2025-12-14,MSFT,505.47
2025-12-14,GOOGL,252.93
2025-12-14,JPM,212.51
2025-12-14,BAC,68.71
2025-12-14,GS,533.16
2025-12-14,XOM,90.29
2025-12-14,CVX,139.89
2025-12-14,PFE,42.17
2025-12-14,JNJ,170.9
2025-12-14,TSLA,255.77
2025-12-14,AMZN,206.84
2025-12-14,META,586.56
2025-12-14,PG,170.98
2025-12-15,NVDA,165.02
2025-12-15,AAPL,244.81
2025-12-15,MSFT,503.75
2025-12-15,GOOGL,255.86
2025-12-15,JPM,214.58
2025-12-15,BAC,67.78
2025-12-15,GS,542.11
2025-12-15,XOM,89.61
2025-12-15,CVX,141.66
2025-12-15,PFE,42.42
2025-12-15,JNJ,175.7
2025-12-15,TSLA,255.04
2025-12-15,AMZN,205.86
2025-12-15,META,586.68
2025-12-15,PG,170.29
2025-12-16,NVDA,167.08
2025-12-16,AAPL,239.0
2025-12-16,MSFT,496.04
2025-12-16,GOOGL,251.89
2025-12-16,JPM,217.75
2025-12-16,BAC,69.55
2025-12-16,GS,541.53
2025-12-16,XOM,89.43
2025-12-16,CVX,141.88
2025-12-16,PFE,43.18
2025-12-16,JNJ,173.34
2025-12-16,TSLA,256.08
2025-12-16,AMZN,208.97
2025-12-16,META,591.38
2025-12-16,PG,170.86
2025-12-17,NVDA,169.67
2025-12-17,AAPL,229.43
2025-12-17,MSFT,501.33
2025-12-17,GOOGL,249.54
2025-12-17,JPM,211.88
2025-12-17,BAC,70.12
2025-12-17,GS,552.96
2025-12-17,XOM,89.29
2025-12-17,CVX,143.98
2025-12-17,PFE,44.25
2025-12-17,JNJ,176.85
2025-12-17,TSLA,262.51
2025-12-17,AMZN,211.4
2025-12-17,META,592.34
2025-12-17,PG,166.84
2025-12-18,NVDA,169.13
2025-12-18,AAPL,226.64
2025-12-18,MSFT,517.91
2025-12-18,GOOGL,249.01
2025-12-18,JPM,212.38
2025-12-18,BAC,70.74
2025-12-18,GS,553.6
2025-12-18,XOM,91.6
2025-12-18,CVX,142.71
2025-12-18,PFE,44.4
2025-12-18,JNJ,174.97
2025-12-18,TSLA,257.44
2025-12-18,AMZN,209.57
2025-12-18,META,592.31
2025-12-18,PG,165.85
2025-12-19,NVDA,167.46
2025-12-19,AAPL,221.97
2025-12-19,MSFT,517.52
2025-12-19,GOOGL,243.51
2025-12-19,JPM,214.91
2025-12-19,BAC,70.86
2025-12-19,GS,541.77
2025-12-19,XOM,91.22
2025-12-19,CVX,141.17
2025-12-19,PFE,44.63
2025-12-19,JNJ,178.58
2025-12-19,TSLA,250.33
2025-12-19,AMZN,210.04
2025-12-19,META,591.18
2025-12-19,PG,167.6
2025-12-20,NVDA,168.08
2025-12-20,AAPL,219.58
2025-12-20,MSFT,515.3
2025-12-20,GOOGL,240.72
2025-12-20,JPM,218.49
2025-12-20,BAC,70.92
2025-12-20,GS,557.49
2025-12-20,XOM,91.18
2025-12-20,CVX,139.74
2025-12-20,PFE,43.64
2025-12-20,JNJ,173.84
2025-12-20,TSLA,244.51
2025-12-20,AMZN,210.99
2025-12-20,META,595.99
2025-12-20,PG,163.71
2025-12-21,NVDA,170.42
2025-12-21,AAPL,218.1
2025-12-21,MSFT,516.69
2025-12-21,GOOGL,246.66
2025-12-21,JPM,221.54
2025-12-21,BAC,70.67
2025-12-21,GS,550.32
2025-12-21,XOM,88.28
2025-12-21,CVX,138.3
2025-12-21,PFE,43.52
2025-12-21,JNJ,171.35
2025-12-21,TSLA,244.15
2025-12-21,AMZN,211.34
2025-12-21,META,594.28
2025-12-21,PG,162.2
2025-12-22,NVDA,170.94
2025-12-22,AAPL,219.65
2025-12-22,MSFT,508.5
2025-12-22,GOOGL,252.0
2025-12-22,JPM,221.32
2025-12-22,BAC,70.73
2025-12-22,GS,556.44
2025-12-22,XOM,88.63
2025-12-22,CVX,140.35
2025-12-22,PFE,43.73
2025-12-22,JNJ,169.86
2025-12-22,TSLA,245.6
2025-12-22,AMZN,207.82
2025-12-22,META,595.54
2025-12-22,PG,162.2
2025-12-23,NVDA,170.49
2025-12-23,AAPL,219.34
2025-12-23,MSFT,494.4
2025-12-23,GOOGL,250.05
2025-12-23,JPM,221.74
2025-12-23,BAC,70.93
2025-12-23,GS,548.14
2025-12-23,XOM,90.36
2025-12-23,CVX,138.6
2025-12-23,PFE,44.39
2025-12-23,JNJ,171.03
2025-12-23,TSLA,243.34
2025-12-23,AMZN,213.46
2025-12-23,META,585.17
2025-12-23,PG,164.52
2025-12-24,NVDA,173.13
2025-12-24,AAPL,217.24
2025-12-24,MSFT,504.97
2025-12-24,GOOGL,249.24
2025-12-24,JPM,222.81
2025-12-24,BAC,71.24
2025-12-24,GS,547.31
2025-12-24,XOM,91.5
2025-12-24,CVX,140.32
2025-12-24,PFE,43.25
2025-12-24,JNJ,174.46
2025-12-24,TSLA,237.39
2025-12-24,AMZN,216.87
2025-12-24,META,595.35
2025-12-24,PG,161.91
2025-12-25,NVDA,172.15
2025-12-25,AAPL,213.75
2025-12-25,MSFT,503.59
2025-12-25,GOOGL,248.21
2025-12-25,JPM,225.53
2025-12-25,BAC,72.68
2025-12-25,GS,559.04
2025-12-25,XOM,90.77
2025-12-25,CVX,139.95
2025-12-25,PFE,42.18
2025-12-25,JNJ,172.44
2025-12-25,TSLA,240.94
2025-12-25,AMZN,222.23
2025-12-25,META,584.62
2025-12-25,PG,160.55
2025-12-26,NVDA,172.17
2025-12-26,AAPL,214.76
2025-12-26,MSFT,497.73
2025-12-26,GOOGL,249.91
2025-12-26,JPM,224.04
2025-12-26,BAC,72.7
2025-12-26,GS,563.9
2025-12-26,XOM,90.82
2025-12-26,CVX,139.1
2025-12-26,PFE,42.13
2025-12-26,JNJ,172.3
2025-12-26,TSLA,239.72
2025-12-26,AMZN,221.48
2025-12-26,META,598.93
2025-12-26,PG,161.98
2025-12-27,NVDA,171.49
2025-12-27,AAPL,217.11
2025-12-27,MSFT,495.49
2025-12-27,GOOGL,254.43
2025-12-27,JPM,225.39
2025-12-27,BAC,72.62
2025-12-27,GS,567.97
2025-12-27,XOM,88.73
2025-12-27,CVX,136.82
2025-12-27,PFE,41.4
2025-12-27,JNJ,172.76
2025-12-27,TSLA,246.07
2025-12-27,AMZN,229.0
2025-12-27,META,604.96
2025-12-27,PG,163.28
2025-12-28,NVDA,166.94
2025-12-28,AAPL,215.45
2025-12-28,MSFT,489.88
2025-12-28,GOOGL,252.19
2025-12-28,JPM,224.93
2025-12-28,BAC,72.14
2025-12-28,GS,551.39
2025-12-28,XOM,89.77
2025-12-28,CVX,134.69
2025-12-28,PFE,41.57
2025-12-28,JNJ,178.22
2025-12-28,TSLA,242.8
2025-12-28,AMZN,220.42
2025-12-28,META,602.67
2025-12-28,PG,166.06
2025-12-29,NVDA,171.93
2025-12-29,AAPL,211.58
2025-12-29,MSFT,493.77
2025-12-29,GOOGL,250.56
2025-12-29,JPM,224.69
2025-12-29,BAC,75.04
2025-12-29,GS,539.23
2025-12-29,XOM,90.16
2025-12-29,CVX,135.7
2025-12-29,PFE,42.27
2025-12-29,JNJ,178.57
2025-12-29,TSLA,244.04
2025-12-29,AMZN,219.24
2025-12-29,META,605.4
2025-12-29,PG,165.29
